Label,TBWName,SWFWMDName,RAType,NPElevNG_1,TBWDDN,P50_2008_2014,Count_2008_2014,NP_Resolut,NPO_2008_2014,RAXericRat,RAXericYN,postcutddn,RecoverySt,RAStatusAb,ACRES_RA,PERIMETER,AREAPERATI,AUG_RA,Isolated,XCOORD,YCOORD,Distnearwe,Headdiffer,Soilperm,IAthicknes,Rain10NN,Kerneld,NPO_2008_2014_v2,npo2008trans
105,C042817,,Isolated Cypress,27.19,0.517544985,24.98,170,27.2,-2.22,0.129143131,No,-1.599506378,"not fully recovered, continuing impact",NFRCI,19.19658685,4614.401774,0.004160146,No,1,461417.9599,1360825.339,2408.318848,3,131,0,55.12693787,0.382227868,-2.22,1.16938136
114,SC332717,,Isolated Cypress,31.81,0.930718958,28.4,169,31.8,-3.4,0.484333204,Yes,-3.240056992,"improved, not fully recovered",INFR,103.3482557,19070.33699,0.00541932,No,1,461023.2653,1365081.412,1442.220459,5,131,0,55.25511932,0.797421098,-3.4,1.481604541
107,EC222717,,Isolated Cypress,43.87,0.702175856,40.83,168,43.9,-3.07,0.087883587,No,-1.040899277,"improved, not fully recovered",INFR,7.910551092,2964.213617,0.002668685,No,1,466517.5887,1377026.822,1000,7,131,0,55.59640884,1.973914266,-3.07,1.403642999
104,162717,,Isolated Cypress,38.42,0.318336517,37.57,168,38.4,-0.83,0.188999055,No,-1.623371124,recovered,R,7.620031066,2540.133341,0.002999855,No,1,457929.5178,1380903.474,3342.155029,11,131,0,55.84831619,0.262154907,-0.83,0.604315967
106,C142717,,Isolated Cypress,59.74,0.56588012,56.83,171,59.7,-2.87,0.504190987,Yes,1.814083099,recovered,R,6.216522783,2620.901556,0.002371902,No,1,470142.0648,1382398.272,360.5551147,19,131,0,55.72607422,1.28223753,-2.87,1.353254507
103,102717,,Isolated Cypress,44.12,1.235454082,40.65,170,44.1,-3.45,0.369584162,Yes,4.802272797,"improved, not fully recovered",INFR,16.12723926,3799.385546,0.004244697,No,1,464052.2874,1390057.182,2302.172852,7,131,0,55.75773239,0.196152046,-3.45,1.492904096
404,PSW332618,,Isolated Cypress,58.5,0.261185825,57.35,169,58.5,-1.15,0,No,1.487606049,recovered,R,7.44578634,3125.668131,0.002382142,No,1,490080.7836,1397377.381,200,9,131,0,55.83647919,0.77628231,-1.15,0.765467842
408,,Rt. 54 Nelson,Isolated Cypress,65,0.659197211,64.2,-999,65,-0.8,0.166161428,No,2.594474792,recovered,R,16.76699803,4597.791484,0.00364675,No,1,501169.8755,1404141.979,2828.427246,10,131,0,55.30492783,0.1921065,-0.8,0.587786665
494,,J.B. Starkey 4,Isolated Cypress,44.9,0.194828704,43.6,-999,44.9,-1.3,0.170681278,No,2.348468781,never impacted,NI,4.247389198,1561.376108,0.002720286,No,1,467896.8072,1405548.724,4860.041016,8,131,0,55.40587997,0,-1.3,0.832909123
482,SC-71,,Isolated Cypress,39.1,0.312936962,37.87,169,39.1,-1.23,0.081993022,No,-0.973873138,never impacted,NI,27.90681777,6981.130736,0.003997464,No,1,461148.4272,1408532.49,3104.834961,4,112,0,55.26831436,0.046504941,-1.23,0.802001585
475,SC-58,,Isolated Cypress,40,0.166360125,38.3,169,40,-1.7,0.448502792,Yes,-2.33895874,recovered,R,10.56890879,3118.763538,0.003388814,No,1,462457.5001,1410411.266,2683.281494,3,131,0,55.21080017,0.110065609,-1.7,0.993251773
479,SC-68,,Isolated Cypress,37.15,0.728880286,36,168,36.54,-0.54,0.313781786,Yes,-2.110942841,never impacted,NI,35.50849467,8094.590672,0.004386694,No,1,456589.4814,1410689.818,2376.9729,6,131,0,55.19501495,0.094710581,-0.54,0.431782416
483,SC-92,,Isolated Cypress,40.09,0.27288878,37.79,165,42.8,-5.01,0.601159916,Yes,-3.141357422,"improved, not fully recovered",INFR,5.584588068,1935.841954,0.002884837,No,1,462319.2124,1412451.599,2163.330811,3,131,0,55.11907196,0.229985565,-5.01,1.793424749
397,NE152618,,Isolated Cypress,66.15,0.32569173,64.77,163,66.2,-1.43,0,No,2.156700134,never impacted,NI,8.0637521,2907.655546,0.002773283,No,1,496963.8961,1416144.404,4272.001953,11,131,0,55.14569092,0.003570899,-1.43,0.887891257
465,S-109,STWF FF,Isolated Cypress,46.19,0.063947536,45.5,-999,46.3,-0.8,0,No,-5.156318665,never impacted,NI,7.868305566,2878.151018,0.002733806,No,1,475950.4028,1417521.628,1964.688232,-1,131,0,55.32873535,0.238884881,-0.8,0.587786665
110,NC262717,,Isolated Cypress,47.44,0.774370968,46.57,170,47.4,-0.83,0.426190353,Yes,-2.511554718,recovered,R,2.68324005,1304.716872,0.002056569,No,1,471802.6124,1374487.856,316.2277527,8,131,0,55.57666397,2.000315905,-0.83,0.604315967
108,EC332717,,Isolated Cypress,32.91,0.461213559,30.1,-999,32.9,-2.8,0.232146144,No,-3.330198288,"not fully recovered, continuing impact",NFRCI,22.96349457,5181.447512,0.004431869,No,1,463085.1702,1367103.187,632.4555054,8,131,0,55.28522491,1.284708977,-2.8,1.335001067
454,S-084,,Isolated Cypress,40.1,0.9396559,36.72,170,40.1,-3.38,0.750157827,Yes,-5.314596176,"improved, not fully recovered",INFR,5.991786676,2070.580451,0.002893771,No,1,461515.6816,1417350.839,948.6832886,6,131,0,54.99939346,0.594793558,-3.38,1.477048724
468,S-113,,Isolated Cypress,39.38,0.345433623,36.89,168,39.4,-2.51,0,No,-5.075569153,"improved, not fully recovered",INFR,0.796098471,741.6251325,0.001073451,No,1,466242.0713,1418071.239,1360.147095,0,131,0,55.12016678,0.675856352,-2.51,1.255616037
425,S-035,,Isolated Cypress,40.9,1.176962256,38.95,169,40.9,-1.95,0.719597283,Yes,-6.091320038,recovered,R,3.633349723,1447.709492,0.002509723,No,1,458846.0859,1419516.047,412.3105774,8,131,0,54.95131302,0.656624198,-1.95,1.08180517
443,S-068,STWF DD,Isolated Cypress,43.9,0.203797236,43.2,-999,43.9,-0.7,0,No,-5.657604218,never impacted,NI,5.780360913,1985.519467,0.002911259,No,1,471230.9657,1419704.664,806.225769,-1,131,0,55.24871445,0.582137704,-0.7,0.530628251
464,S-108,,Isolated Cypress,46.07,0.062819086,44.63,169,45.8,-1.17,0,No,-5.71925354,never impacted,NI,0.960457445,757.7945737,0.001267438,No,1,476254.5112,1419895.619,1341.640747,-1,112,0,55.34143829,0.2947447,-1.17,0.774727168
487,STWF-Z,STWF Z,Isolated Cypress,41.8,1.104035139,40,-999,41.6,-1.6,0.172531035,No,-5.623138428,never impacted,NI,21.01881949,4101.025441,0.005125259,No,1,467202.8472,1419320.655,905.5385132,2,112,0,55.13692474,0.736377358,-1.6,0.955511445
461,S-097,,Isolated Cypress,44.2,0.82537055,43.135,168,44.2,-1.065,0.051022498,No,-6.073932648,never impacted,NI,5.338605915,2063.945423,0.002586602,No,1,463923.1966,1420405.395,921.9544678,4,131,0,55.05634308,0.809123278,-1.065,0.725130226
456,S-089,,Isolated Cypress,44.88,0.079078771,44.69,169,44.7,-0.01,0,No,-6.139026642,never impacted,NI,16.67039238,5597.653879,0.002978103,No,1,473891.203,1419994.906,989.9495239,0,131,0,55.30623245,0.429417908,-0.01,0.009950331
415,S-010,STWF CC,Isolated Cypress,29.5,0.823769391,28.3,169,29.5,-1.2,1,Yes,-3.320035934,never impacted,NI,18.74960387,5568.044727,0.003367359,No,1,448969.0093,1420387.29,1529.705811,2,131,0,55.2234993,0.389671385,-1.2,0.78845736
441,S-065,STWF S,Isolated Cypress,42.64,0.987521648,41.7,-999,42.7,-1,0.192615167,No,-5.81603241,never impacted,NI,0.692197477,666.0112843,0.001039318,No,1,469292.5325,1420747.704,707.1068115,1,131,0,55.20204544,0.708269894,-1,0.693147181
440,S-064,,Isolated Cypress,43.25,1.555055857,42.495,166,43.3,-0.805,0.04608595,No,-6.108455658,never impacted,NI,2.414184799,1251.994072,0.001928272,No,1,467672.1951,1420833.605,500,3,131,0,55.1624527,0.775942326,-0.805,0.590560592
418,S-016,,Isolated Cypress,33.86,1.037786245,32.53,168,33.9,-1.37,0.519670918,Yes,-5.122692108,recovered,R,46.83898901,8460.572732,0.005536149,No,1,456063.6585,1420569.753,989.9495239,2,10,0,54.96977234,0.644739032,-1.37,0.862889955
486,STWF-N,STWF N,Isolated Cypress,46.9,0.121213272,46.6,-999,46.9,-0.3,0,No,-5.11920166,never impacted,NI,6.631540128,2316.996404,0.002862128,No,1,478407.9874,1421358.71,1476.4823,2,131,0,55.36481857,0.230550498,-0.3,0.262364264
484,STWF-Central-01,STWF Central,Isolated Cypress,45.11,0.62032032,43.7,-999,45.1,-1.4,0.027452409,No,-6.622512817,never impacted,NI,3.531849042,1609.080418,0.002194949,No,1,464202.6376,1422141.884,412.3105774,5,131,0,55.07478714,0.861235321,-1.4,0.875468737
459,S-095,,Isolated Cypress,38.63,0.973025918,38.02,172,38.6,-0.58,0.204958907,No,-6.909440994,never impacted,NI,11.77790716,3222.533703,0.003654859,No,1,462282.9564,1422012.422,583.0952148,1,131,0,55.01403427,0.837608516,-0.58,0.457424847
185,C105,,Isolated Cypress,85.77,0.354757547,85.305,176,85.8,-0.495,0.089584896,No,-0.477119446,never impacted,NI,9.572520618,2981.994827,0.003210106,No,1,541952.9922,1422347.725,2109.502197,16,131,0,54.2071991,0.109264649,-0.495,0.402126207
447,S-073,STWF Eastern,Isolated Cypress,46.4,0.525905907,45.5,-999,46.4,-0.9,0.02618109,No,-6.72202301,never impacted,NI,14.87822429,3853.274088,0.00386119,No,1,473950.0022,1422550.33,412.3105774,2,131,0,55.32437897,0.471972436,-0.9,0.641853886
430,S-044,Starkey Western,Isolated Cypress,35.7,1.66114223,33.355,168,35.7,-2.345,0.362509375,Yes,-6.806751251,recovered,R,2.701777757,1273.050519,0.002122286,No,1,460939.5953,1422898.726,223.6067963,2,74,0,55.0109024,0.833618879,-2.345,1.207466694
434,S-053,,Isolated Cypress,40.78,0.805231452,38.19,169,40.8,-2.61,0.205436141,No,-6.865486145,"improved, not fully recovered",INFR,3.553106164,1873.422306,0.001896586,No,1,465217.666,1423129.324,223.6067963,0,112,0,55.10464859,0.871399403,-2.61,1.283707772
439,S-063,,Isolated Cypress,41.91,0.17848441,39.76,169,42.3,-2.54,0.028335996,No,-6.607017517,"not fully recovered, continuing impact",NFRCI,1.379279042,946.2111782,0.001457686,No,1,468364.6755,1423542.022,300,1,74,0,55.20518112,0.797843575,-2.54,1.264126727
450,S-076,STWF R,Isolated Cypress,47.03,0.138763458,46.3,-999,46.9,-0.6,0.071957391,No,-5.897296906,never impacted,NI,56.94854922,13409.14379,0.004246994,No,1,476869.3315,1422647.022,854.4003906,3,131,0,55.36475372,0.304147512,-0.6,0.470003629
424,S-031,,Isolated Cypress,33.2,1.17300117,32.11,168,33.2,-1.09,0.471897972,Yes,-6.17326355,recovered,R,26.24644069,7587.518107,0.00345916,No,1,458204.4899,1423364.96,781.0249634,0,131,0,54.99137115,0.787842691,-1.09,0.737164066
412,S-006,STWF Q,Isolated Cypress,29.5,0.60573864,25.99,169,29.5,-3.51,1,Yes,-2.230960846,"improved, not fully recovered",INFR,33.05666385,4535.791914,0.007287959,No,1,446958.6437,1423509.349,583.0952148,4,131,0,55.30001068,0.412641317,-3.51,1.506297154
449,S-075,STWF S-75,Isolated Cypress,47.2,0.326009929,46.5,-999,47.2,-0.7,0.129864527,No,-6.889480591,never impacted,NI,17.17410293,4462.258548,0.003848747,No,1,475021.471,1424049.762,316.2277527,4,131,0,55.36422729,0.415810287,-0.7,0.530628251
428,S-039,,Isolated Cypress,36.87,1.399259925,35.535,168,36.9,-1.365,0.171909257,No,-6.571567535,never impacted,NI,3.161516833,1878.224644,0.001683247,No,1,460818.7422,1425695.956,100,2,131,0,55.06131744,0.806032181,-1.365,0.860778022
488,T-07,,Isolated Cypress,42.33,0.117453054,41.53,169,42.3,-0.77,0.160756046,No,-6.505092621,never impacted,NI,4.866488162,1987.811492,0.002448164,No,1,468630.0638,1426146.805,412.3105774,2,131,0,55.26236725,0.746126115,-0.77,0.570979547
433,S-052,,Isolated Cypress,39.88,1.111045361,38.9,165,39.9,-1,0.205214419,No,-6.57598877,recovered,R,5.031858045,1772.854107,0.002838281,No,1,464559.4543,1426174.389,412.3105774,0,131,0,55.14927673,0.812275231,-1,0.693147181
182,C102,Quail Hollow Elementary School,Isolated Cypress,74.31,0.18683888,72.4,-999,75.4,-3,0,No,-2.45652771,more detailed analysis needed,MDAN,4.356183492,1615.587736,0.002696346,No,1,541669.947,1428101.794,3736.30835,7,59,0,54.48542786,0.044465993,-3,1.386294361
174,C24,,Isolated Cypress,72.55,0.909819067,72.395,176,72.6,-0.205,0,No,-11.98529816,never impacted,NI,1.76994631,1013.526773,0.001746324,No,1,533828.7251,1428548.357,2607.680908,6,59,0,54.64927673,0.266751289,-0.205,0.186479567
342,NP-07,,Isolated Cypress,43.86,0.163360849,41.62,168,43.9,-2.28,0,No,-2.914413452,"improved, not fully recovered",INFR,2.011525923,1416.164702,0.001420404,No,1,468535.0115,1438460.122,223.6067963,1,131,0,55.73854828,0.196297497,-2.28,1.187843422
351,NP-18,,Isolated Cypress,48.15,0.052985173,46.96,167,48.2,-1.24,0.273616448,Yes,-3.441932678,never impacted,NI,5.016066379,1845.451116,0.002718071,No,1,473316.1186,1442706.574,1118.033936,2,131,0,56.05063248,0.17945005,-1.24,0.806475866
239,,Correctional Facility Cypress,Isolated Cypress,75.3,0.003438529,73.5,-999,75.3,-1.8,0.049582851,No,4.502548218,recovered,R,2.946394621,1701.080733,0.001732072,No,1,497398.2203,1442869.971,6637.017578,10,131,0,55.00178146,0,-1.8,1.029619417
350,NP-17,,Isolated Cypress,48.2,0.066121906,45.68,167,48.2,-2.52,0.624808765,Yes,-3.052783966,recovered,R,12.75199474,4145.551116,0.003076067,No,1,471734.8781,1442755.74,707.1068115,4,131,0,56.01806641,0.194133088,-2.52,1.25846099
240,,Correctional Facility Cypress M*,Isolated Cypress,76.1,0.010293196,74.4,-999,76.1,-1.7,0.210154298,No,3.849472046,recovered,R,98.93056424,21831.43094,0.004531566,No,1,500426.578,1442895.474,6184.658203,5,131,0,54.87745285,0,-1.7,0.993251773
362,NP-36,,Isolated Cypress,50.6,0.026915029,49.75,167,50.6,-0.85,0.474301566,Yes,-2.079185486,never impacted,NI,10.41769697,3736.359836,0.002788194,No,1,477406.5183,1444104.501,2202.271484,1,131,0,56.1358757,0.104950108,-0.85,0.615185639
340,NP-05,,Isolated Cypress,44.9,0.034728024,44.015,168,44.9,-0.885,0.473178693,Yes,0.888412476,recovered,R,6.379535001,2007.561006,0.003177754,No,1,470068.2201,1444620.005,100,1,131,0,56.03123856,0.186720997,-0.885,0.633927821
339,NP-04,,Isolated Cypress,44.2,0.020399163,42.18,168,44.6,-2.42,0.813406856,Yes,1.448627472,recovered,R,1.715991877,985.7563211,0.001740787,No,1,467160.5926,1444832.089,905.5385132,3,131,0,55.91705704,0.177539453,-2.42,1.229640551
471,SC-30,,Isolated Cypress,41.6,0.012944877,39.83,167,41.6,-1.77,0.660078716,Yes,0.913482666,never impacted,NI,19.70705738,6682.326509,0.002949131,No,1,464178.4522,1444097.312,1802.775635,6,130,0,55.78053665,0.147948399,-1.77,1.01884732
337,NP-02,,Isolated Cypress,48.4,0.020660363,47.01,168,48.4,-1.39,0.345073471,Yes,-1.431518555,never impacted,NI,6.535610853,2033.08244,0.003214631,No,1,475440.8397,1448483.479,2080.865234,2,131,0,56.25123215,0.095500261,-1.39,0.871293366
184,C104,,Isolated Cypress,74.69,0.311228931,73.1,75,75.7,-2.6,0,No,-8.778610229,more detailed analysis needed,MDAN,3.077193079,1570.619102,0.001959223,No,1,542946.0772,1449506.484,2683.281494,4,59,0,54.76391983,0.221035004,-2.6,1.280933845
346,NP-11,,Isolated Cypress,43.77,0.007181404,42.32,168,43.8,-1.48,0.210401995,No,-1.086860657,never impacted,NI,43.55236884,14860.21321,0.002930804,No,1,470421.5897,1450132.413,1802.775635,2,131,0,56.13830948,0.10690739,-1.48,0.90825856
336,NP-01,,Isolated Marsh,51.14,0.012173697,51.25,167,51.7,-0.45,0.30428404,Yes,-2.784881592,never impacted,NI,8.634709113,2562.690863,0.003369392,No,1,477872.5484,1452876.986,3538.361084,5,131,0,56.20359802,0.02374978,-0.45,0.371563556
22,CBR Q25,CBARWF Stop #7,Isolated Cypress,74.1,0.972477198,69.5,-999,74.1,-4.6,0.175597791,No,-2.352050781,"improved, not fully recovered",INFR,2.273282307,1168.143957,0.001946063,No,1,503487.3994,1457986.846,1860.107544,4,110,0,54.36637115,0.324596226,-4.6,1.722766598
13,CBR Q16,,Isolated Marsh,73.7,2.676738262,71.24,168,73.7,-2.46,0.572943787,Yes,-6.220638275,recovered,R,17.43308466,4392.532614,0.0039688,No,1,512283.6474,1470265.828,2039.607788,7,131,29,54.36791229,0.762106895,-2.46,1.241268589
18,CBR Q21,,Isolated Marsh,63.52,0,55.52,169,60.2,-4.68,0.068120404,No,-9.055404663,never impacted,NI,1.074942084,1332.808385,0.000806524,No,1,507003.0531,1481754.43,400,10,31,32,54.54330444,0.888892531,-4.68,1.736951233
14,CBR Q17,,Isolated Marsh,76.3,2.004764557,72.15,167,76.3,-4.15,0.670262469,Yes,-8.934406281,more detailed analysis needed,MDAN,35.24885496,4912.726408,0.007175009,No,1,518465.4898,1472655.87,2334.523438,9,131,28,54.45953369,0.238301352,-4.15,1.638996715
5,CBR Q05,,Isolated Marsh,68.4,3.119515181,57.835,168,68.4,-10.565,0.882423069,Yes,2.149555206,more detailed analysis needed,MDAN,9.124411604,2527.347709,0.003610272,No,1,505252.9007,1468934.301,100,4,131,0,54.35998535,0.981797755,-10.565,2.447983296
2,CBR Q02,,Isolated Cypress,72.7,1.847174764,69.86,169,72.7,-2.84,0.52999614,Yes,1.651329041,recovered,R,4.457574615,1847.004051,0.002413408,No,1,502841.0493,1461263.561,1204.159424,4,131,0,54.32209015,0.519482434,-2.84,1.345472367
35,CBR T02A,,Isolated Marsh,74.3,2.093326569,71.24,170,76,-4.76,0.473565849,Yes,-9.495185852,more detailed analysis needed,MDAN,35.92251499,6532.783623,0.005498807,No,1,515749.4035,1465344.315,2549.509766,8,131,31,54.37142181,0.239924848,-4.76,1.750937475
6,CBR Q06,,Isolated Marsh,70.6,3.158026457,51.43,168,70.6,-19.17,0.882880099,Yes,-2.269561768,more detailed analysis needed,MDAN,12.26569872,4071.649677,0.003012464,No,1,510201.3197,1472691.018,1403.566895,6,131,28,54.40632248,1.043416619,-19.17,3.004196352
23,CBR Q26,,Isolated Marsh,70.2,1.17462635,61.75,166,70.2,-8.45,0.486506019,Yes,5.582679749,more detailed analysis needed,MDAN,6.644362486,2334.639929,0.00284599,No,1,497053.6977,1465165.384,1800,5,131,0,54.60123062,0.376501381,-8.45,2.246014742
9,CBR Q10,,Isolated Cypress,71,0.680555344,65.65,169,71,-5.35,0.57984818,Yes,2.724216461,"improved, not fully recovered",INFR,10.49234429,4067.522967,0.002579541,No,1,497388.3135,1461392.588,2080.865234,7,112,0,54.61904907,0.260049552,-5.35,1.848454813
1,CBR Q01,CBARWF Q-1,Isolated Cypress,74.44,1.423944592,69.5,-999,74.5,-5,0.233097684,No,-2.393615723,"improved, not fully recovered",INFR,1.135588346,936.9788756,0.001211968,No,1,505077.6855,1458804.634,1345.362427,4,110,0,54.30569077,0.381643772,-5,1.791759469
164,C11,,Isolated Cypress,80.9,0.938109219,80.85,176,81.3,-0.45,0,No,-6.167236328,never impacted,NI,3.293128115,1463.296147,0.002250486,No,1,547768.737,1442405.802,3140.063721,1,131,0,54.614254,0.09750057,-0.45,0.371563556
230,W56,"CCWF ""G'",Isolated Cypress,64.5,1.402857423,62.3,-999,64.5,-2.2,0,No,-16.02383423,never impacted,NI,0.696652555,660.7648988,0.001054312,No,1,525749.4628,1432054.732,984.8858032,-1,74,0,54.74691391,0.417939007,-2.2,1.16315081
200,W19,W-19,Isolated Cypress,63.4,2.830906153,61.82,179,63.6,-1.78,0,No,-16.57369232,recovered,R,2.278564726,1217.329224,0.001871774,No,1,528190.8872,1434185.759,424.2640686,-1,10,0,54.83581543,0.70120579,-1.78,1.022450928
195,W11,CC W-11,Isolated Cypress,69.3,5.943701744,68.3,-999,69.3,-1,0,No,-15.39499664,never impacted,NI,37.27746543,6459.572165,0.005770888,No,1,532449.7511,1441453.466,200,0,10,0,54.99343109,1.216056824,-1,0.693147181
215,W39,,Isolated Cypress,69.37,4.372433186,67.46,176,69.6,-2.14,0,No,-15.31063843,"improved, not fully recovered",INFR,4.881354082,2043.713824,0.002388472,No,1,531261.0674,1440603.558,316.2277527,0,10,0,54.97594833,1.202342153,-2.14,1.1442228
222,W45,CCWF X-2,Isolated Cypress,70.97,3.748168468,67.6,-999,71.5,-3.9,0,No,-15.83654404,"improved, not fully recovered",INFR,12.24502791,2757.762091,0.004440205,No,1,531808.8673,1439496.148,447.2135925,1,131,0,54.97740555,1.191958904,-3.9,1.589235205
223,W46,"CCWF ""B""",Isolated Cypress,68.67,3.833013535,64.8,-999,69.4,-4.6,0,No,-17.12815094,"improved, not fully recovered",INFR,0.357664723,476.7436427,0.000750224,No,1,530399.9975,1438471.824,412.3105774,2,74,0,54.94179535,1.118329763,-4.6,1.722766598
196,W12,CC W-12 Sentry Wet'l.,Isolated Cypress,63.9,4.497211456,60.7,-999,63.8,-3.1,0,No,-16.9932785,"improved, not fully recovered",INFR,8.452661288,2703.621362,0.003126422,No,1,529095.8805,1439368.029,100,-3,131,0,54.92881775,1.079827785,-3.1,1.410986974
216,W40,CCWF X-1,Isolated Cypress,63.02,3.937271357,60.7,-999,64.3,-3.6,0,No,-17.591362,"improved, not fully recovered",INFR,13.06307787,5142.141333,0.002540397,No,1,528128.4703,1437434.841,360.5551147,-3,131,0,54.895298,0.937092185,-3.6,1.526056303
199,W17,CC W-17 Sentry Wet'l.,Isolated Cypress,64.9,3.57439971,63,-999,65,-2,0,No,-17.56508255,"improved, not fully recovered",INFR,2.560773806,1442.680483,0.001775011,No,1,529180.3487,1436741.828,300,-2,32,0,54.89466476,0.963378727,-2,1.098612289
229,W55,,Isolated Cypress,69.67,7.183634281,58.065,172,69.2,-11.135,0,No,-14.7380867,"improved, not fully recovered",INFR,1.668623661,1078.036053,0.001547837,No,1,533140.4419,1437739.588,1019.803894,2,131,0,54.95311737,1.123796344,-11.135,2.496093839
205,W27,,Isolated Cypress,70.28,5.943701744,62.73,174,70.5,-7.77,0,No,-14.95498657,"improved, not fully recovered",INFR,2.708200915,1481.743368,0.001827713,No,1,533692.4377,1441742.863,223.6067963,1,10,0,54.99822998,1.205952406,-7.77,2.171336806
131,CYB 14,,Isolated Cypress,60.9,0.711586475,59.52,167,60.9,-1.38,0,No,-4.458740234,never impacted,NI,12.90489826,4337.455521,0.002975223,No,1,537186.0251,1408345.401,948.6832886,3,32,0,53.89404297,0.327936381,-1.38,0.867100488
478,SC-67,,Isolated Cypress,34.18,0.455439776,33.15,169,34.2,-1.05,0.166882922,No,-1.219158173,never impacted,NI,42.04877889,10373.63685,0.004053427,No,1,452349.1063,1409741.529,3220.248535,3,131,0,55.47875595,0.078645274,-1.05,0.717839793
34,CBR T01,,Isolated Marsh,69.7,3.229495764,53.035,166,69.7,-16.665,0.654764951,Yes,-0.864147186,more detailed analysis needed,MDAN,11.77561206,5435.774989,0.002166317,No,1,507304.4164,1471638.435,640.312439,6,131,0,54.38479614,1.103076816,-16.665,2.871585281
8,CBR Q08,,Isolated Marsh,67.5,2.41161871,53.28,169,67.5,-14.22,0.87176415,Yes,2.999416351,"improved, not fully recovered",INFR,36.31063635,9589.998504,0.003786303,No,1,499824.1492,1469078.408,894.4271851,8,131,0,54.49905014,0.691182673,-14.22,2.722610352
12,CBR Q15,,Isolated Marsh,76.7,1.660589218,68.59,165,76.7,-8.11,0.312484437,Yes,-6.336456299,"improved, not fully recovered",INFR,65.13239578,11862.36052,0.005490677,No,1,516961.9941,1460161.679,2647.640381,8,131,32,54.41117859,0.087151863,-8.11,2.209372711
407,,RT. 54 Aprile,Isolated Cypress,58.3,0.039260004,56.5,-999,58.3,-1.8,0,No,1.081031799,recovered,R,1.080134708,785.5559733,0.001374994,No,1,487457.5685,1404062.521,921.9544678,9,131,0,55.55471802,0.668418229,-1.8,1.029619417
444,S-069,STWF M,Isolated Cypress,44.75,0.19408536,44.2,-999,44.8,-0.6,0,No,-6.571575165,never impacted,NI,9.972824901,3626.468508,0.00275001,No,1,471923.4659,1421730.112,223.6067963,1,131,0,55.27686691,0.58559233,-0.6,0.470003629
344,NP-09,,Isolated Cypress,51.08,0.200858012,50.46,168,50.9,-0.44,0.000205752,No,-5.70117569,never impacted,NI,0.840805226,698.6026385,0.001203553,No,1,474374.2263,1436429.934,1746.424927,2,74,0,55.76670074,0.155560389,-0.44,0.364643114
345,NP-10,,Isolated Cypress,45.7,0.45188427,42.12,168,45.7,-3.58,0.94009633,Yes,-4.328784943,"improved, not fully recovered",INFR,2.189560251,1127.126147,0.001942604,No,1,467109.2301,1434736.215,1341.640747,3,130,0,55.52223969,0.293454409,-3.58,1.521698998
352,NP-21,NPWF #21,Isolated Cypress,46.3,0.118688978,44.9,-999,46.3,-1.4,0.088812992,No,-3.985809326,recovered,R,5.479305657,2005.796366,0.002731736,No,1,471100.9685,1438541.222,608.2762451,0,131,0,55.8213768,0.190449879,-1.4,0.875468737
353,NP-22,,Isolated Cypress,46.55,0.126624778,45.8,164,46.7,-0.9,0.061801918,No,-3.731578827,never impacted,NI,4.857434588,1793.207983,0.002708796,No,1,472452.3262,1439549.33,1019.803894,1,131,0,55.89179611,0.181733161,-0.9,0.641853886
403,PSE282618,SPWF - 6,Isolated Cypress,59.33,0.559010267,58,-999,59.3,-1.3,0,No,3.14397049,recovered,R,1.66562621,1010.236491,0.001648749,No,1,492550.0428,1401504.997,447.2135925,8,131,0,55.61615372,0.786665857,-1.3,0.832909123
401,PSW282618,,Isolated Cypress,58.84,0.670963585,57.9,168,58.8,-0.9,0.410911939,No,2.180511475,recovered,R,9.722874888,2646.704327,0.003673578,No,1,489614.5649,1400898.741,141.4213562,10,131,0,55.67481232,0.824360549,-0.9,0.641853886
405,PTE332618,SPWF - 2,Isolated Cypress,60.23,0.725515544,57.9,-999,59.2,-1.3,0,No,3.223365784,recovered,R,2.340011982,1169.407843,0.002001023,No,1,492601.9355,1399823.217,300,9,130,0,55.69402313,0.799328923,-1.3,0.832909123
402,PC332618,SPWF South Cypress,Isolated Cypress,59.1,0.749944448,57.7,-999,59.1,-1.4,0,No,2.840709686,recovered,R,1.608478084,1016.206202,0.001582826,No,1,492472.6713,1399048.431,100,9,131,0,55.73649979,0.789897382,-1.4,0.875468737
499,,STWF EE,Isolated Cypress,47,0.127037197,46.5,-999,47,-0.5,0.110364119,No,-5.834896088,never impacted,NI,35.7825467,5977.199482,0.005986507,No,1,475859.5193,1425883.087,860.2325439,3,131,0,55.41344452,0.343048453,-0.5,0.405465108
448,S-074,,Isolated Cypress,46.45,0.334880352,45.9,168,46.7,-0.8,0.115923149,No,-6.913341522,never impacted,NI,14.6389506,3908.20254,0.003745699,No,1,474357.9412,1426646.461,905.5385132,0,131,0,55.41505814,0.42179206,-0.8,0.587786665
445,S-070,,Isolated Cypress,44.7,0.231078088,44.005,170,44.7,-0.695,0.008048556,No,-6.725273132,never impacted,NI,26.60713803,5488.55875,0.004847746,No,1,473220.0844,1424517.203,360.5551147,0,10,0,55.34506989,0.517379045,-0.695,0.527682741
358,NP-30,,Other,51.21,0.144133464,50.47,164,51.2,-0.73,0,No,-5.68032074,never impacted,NI,24.71787924,7476.619696,0.003306023,No,1,477821.436,1432223.3,2823.118896,1,131,0,55.60499573,0.114206508,-0.73,0.548121409
435,S-054,STWF L,Isolated Cypress,42.28,0.805231452,41,-999,42.3,-1.3,0,No,-6.49817276,never impacted,NI,1.001625545,776.9089081,0.001289245,No,1,466350.3569,1423306.654,500,3,112,0,55.14463806,0.85580045,-1.3,0.832909123
462,S-099,,Isolated Cypress,31.35,0.89791584,30.01,170,31.4,-1.39,0.003367367,No,-5.050434113,recovered,R,8.381540518,2519.91683,0.003326118,No,1,454176.0658,1426100.001,894.4271851,-1,10,0,55.10602951,0.660037696,-1.39,0.871293366
429,S-042,,Isolated Cypress,31.72,0.850268483,31.41,169,31.7,-0.29,0.038432663,No,-5.699029922,never impacted,NI,2.671009962,1473.837615,0.001812282,No,1,458147.4069,1427089.185,1029.562988,-1,10,0,55.08520889,0.724888265,-0.29,0.254642218
17,CBR Q20,,Isolated Marsh,69,0.681637526,64.935,164,69,-4.065,0.366318751,Yes,4.695766449,"improved, not fully recovered",INFR,23.61215468,5041.228898,0.004683809,No,1,494796.3238,1462239.061,2657.066162,6,131,0,54.75569153,0.143794119,-4.065,1.622354138
476,SC-59,,Isolated Cypress,19.1,0.027847389,18.4,171,-999,-0.7,0.337391159,Yes,-0.36416626,never impacted,NI,5.134921933,2289.509934,0.002242804,No,1,439561.8842,1419308.215,3080.584473,-2,131,0,55.69062805,0.080319561,-0.7,0.530628251
470,SC-11,,Isolated Cypress,36.7,0.003814003,34.54,169,-999,-2.16,0.72979441,Yes,-0.337966919,never impacted,NI,22.5863556,4692.994699,0.004812781,No,1,463090.6041,1455100.669,3911.521484,2,131,0,55.8180275,0.011045123,-2.16,1.150572028
373,EC232817,Bellamy School,Isolated Cypress,22.52,0.211912259,19.9,-999,22.5,-2.6,0,No,-3.06423378,,-999,1.573169559,1035.828046,0.001518756,No,1,473296.4036,1346373.951,3324.154053,-1,131,0,54.41156006,0.107662156,-2.6,1.280933845
367,142817,,Isolated Cypress,15.12,0.28512007,13.39,168,15.1,-1.71,0.066295378,No,-2.151052475,,-999,3.677551967,1813.548654,0.002027821,No,1,468471.2471,1348217.889,2319.482666,-6,112,0,54.58446503,0.134717509,-1.71,0.996948635
370,C162818,,Connected Wetland,34.96,0.334694266,28.86,66,35,-6.14,0.156120144,No,6.157337189,,-999,1.157717043,892.7098669,0.001296857,No,0,491268.9036,1348690.353,2758.622803,14,112,23,54.65686798,0.07169085,-6.14,1.965712776
375,NC182818,,Connected Wetland,37.46,0.951757371,35.265,66,37.5,-2.235,0.092436645,No,-0.784124374,,-999,57.46284093,6665.085596,0.008621471,No,0,483110.938,1351838.922,921.9544678,13,131,19,54.11703491,0.326395094,-2.235,1.174028928
365,112817,,Isolated Cypress,25.4,0.838495076,24.815,68,25.4,-0.585,0,No,-3.856143951,,-999,23.988566,6559.074748,0.003657309,No,1,469162.2122,1354893.973,583.0952148,2,131,0,54.60287476,0.294019818,-0.585,0.460584407
379,SC042818,,Isolated Cypress,51.15,0.727543712,48.97,170,51.2,-2.23,0.382610977,Yes,2.628501892,,-999,4.700705839,1717.749098,0.00273655,No,1,492577.3008,1358545.095,2731.300049,20,131,26,55.45647049,0.093444176,-2.23,1.172482137
374,NC042818,,Isolated Cypress,54.08,0.733110309,50.83,168,54.1,-3.27,0.032242259,No,-1.499607086,,-999,12.37004201,3576.198511,0.003458992,No,1,492562.592,1362986.981,3465.544678,21,131,0,56.28437042,0.079032317,-3.27,1.451613827
396,WC342718,,Isolated Cypress,53.91,0.449042797,52.585,168,-999,-1.325,0.064782677,No,0.166744232,,-999,162.6967452,26442.52212,0.006152845,No,1,497683.0368,1367484.7,2507.987305,17,131,0,57.16931534,0.166960672,-1.325,0.843720039
394,SW292718,,Isolated Cypress,52.94,0.232699394,51.7,169,52.9,-1.2,0,No,-6.371181488,,-999,1.928199014,1115.558863,0.00172846,No,1,485337.9661,1370392.864,2140.093506,14,131,0,56.47130966,0.333519548,-1.2,0.78845736
254,SW272716,Lansbrook West,Isolated Cypress,13.15,0.317375332,10.7,-999,13.2,-2.5,0,No,-1.752955437,,-999,0.88971031,783.650911,0.00113534,No,1,431243.6698,1370516.749,5661.271973,-6,112,0,55.95386505,0,-2.5,1.252762968
251,SC272716,Lansbrook East,Isolated Cypress,15.11,0.57071811,14.3,-999,15.1,-0.8,0.042057522,No,-2.27213192,,-999,3.391807722,1447.421567,0.002343345,No,1,432760.6995,1371054.596,5434.151367,-2,130,0,55.98655319,0,-0.8,0.587786665
383,272718,,Isolated Cypress,52.76,0.51196444,48.89,168,52.8,-3.91,0,No,0.029876709,,-999,25.23891323,6520.647719,0.003870614,No,1,497506.5649,1370837.049,1640.121948,16,131,0,57.50149155,0.382529885,-3.91,1.591273942
393,SE212718,,Connected Wetland,53.4,3.052948713,50.2,169,-999,-3.2,0.226295495,No,-2.904720306,,-999,7.066953499,2580.605227,0.002738487,No,0,492996.5696,1375063.689,400,12,131,0,57.79331207,0.785440862,-3.2,1.435084525
245,NC222716/C-15,Pine Ridge Cypress Dome,Isolated Cypress,14.88,0.692657828,13.9,-999,14.9,-1,0,No,-2.269852638,,-999,0.803594133,679.7581617,0.001182177,No,1,433717.5631,1378455.563,3132.092041,-2,112,0,56.28329468,0.227077663,-1,0.693147181
390,NE-212718,,Isolated Cypress,57.29,1.26748085,55.04,169,57.3,-2.26,0,No,-2.321063995,,-999,1.3817718,959.8720393,0.001439538,No,1,493397.02,1379363.476,223.6067963,10,131,0,57.58096313,0.839010954,-2.26,1.181727195
109,NC242717,,Isolated Cypress,52.61,0.517657518,49.46,127,52.6,-3.14,0.075327813,No,-1.920143127,,-999,26.47290294,6154.160886,0.004301627,No,1,475633.1752,1379085.803,1029.562988,11,131,0,55.88903427,1.237044811,-3.14,1.420695788
376,NE132717,Brooker Creek Headwaters,Connected Wetland,55.37,0.204852179,53.96,243,55.2,-1.24,0,No,2.36302948,,-999,64.54728721,8314.076859,0.007763614,No,0,477421.6515,1384483.892,2002.498413,12,131,0,56.00889587,0.630539477,-1.24,0.806475866
388,NC092718,,Isolated Cypress,61.04,0.614966333,59.06,171,61,-1.94,0.027879184,No,1.214317322,,-999,97.99890075,12781.74318,0.0076671,No,1,493944.3474,1388739.852,2640.075684,9,131,0,56.6079216,0.396985948,-1.94,1.078409581
255,WC102716,,Other,17.9,1.181842923,15.66,169,17.9,-2.24,0.388447929,Yes,0.277359962,,-999,153.2263201,17403.7938,0.008804191,No,1,433711.2888,1388543.076,905.5385132,-2,130,0,56.64965057,1.579888701,-2.24,1.17557333
249,NW062717,EWWF East (Lk. Dan) Cypress,Other,33.46,9.81833744,28.545,168,33.46,-4.915,0.255157377,No,-2.729560852,,-999,2.125272487,1098.109992,0.001935391,No,1,447292.3706,1394730.414,223.6067963,10,131,0,56.74742126,4.822453499,-4.915,1.777491497
156,CYB C16,,Connected Wetland,66.3,0.199263155,65.58,166,66.3,-0.72,0.406870193,Yes,0.338474274,,-999,41.69775361,9415.758242,0.004428507,No,0,516740.726,1399649.471,5263.079102,12,131,0,54.50686264,0,-0.72,0.542324291
409,,J.B. Starkey 1,Isolated Cypress,47,0.009503377,45.8,-999,47,-1.2,0,No,-0.900161743,,-999,7.949772344,2287.226258,0.003475726,No,1,474325.8788,1408575.125,4275.511719,7,131,0,55.39524841,0.00489114,-1.2,0.78845736
477,SC-62,,Other,49.36,0.013007262,48.53,75,49.4,-0.87,0.048079379,No,-1.823711395,,-999,46.10875071,9762.53277,0.004723032,No,1,481255.9124,1408008.405,2969.848389,3,32,0,55.45055008,0.158031821,-0.87,0.625938431
406,SC162618,,Other,62.45,0.717171013,61.3,163,62.5,-1.2,0,No,-0.022304535,,-999,11.82452616,4211.738574,0.002807517,No,1,493206.9623,1411659.773,2729.46875,8,59,0,55.28652573,0.165493593,-1.2,0.78845736
481,SC-70,,Isolated Cypress,35.67,0.538648963,33.75,66,-999,-1.92,0.181325176,No,-2.625102997,,-999,48.62577451,10409.60046,0.004671243,No,1,458070.006,1412636.287,1702.938599,6,131,0,55.09743118,0.176112771,-1.92,1.071583616
366,132817,,Isolated Cypress,33.75,0.806965828,29.37,167,33.8,-4.43,0.410839326,Yes,-2.018856049,,-999,1.680048686,1035.284001,0.00162279,No,1,477505.8342,1350696.328,1627.88208,8,131,0,54.17294693,0.327195913,-4.43,1.691939134
372,EC072818,,Isolated Cypress,40.75,1.183875561,37.175,168,40.8,-3.625,0.304946114,Yes,-3.957304001,,-999,1.289902934,868.8076311,0.001484682,No,1,482327.9803,1355485.029,500,11,131,19,54.10799026,0.403815806,-3.625,1.531476371
250,NW122716,EWWF West Cypress,Isolated Cypress,27.5,1.984211445,25.6,-999,-999,-1.9,0,No,-1.802238464,,-999,1.85118558,1041.903359,0.001776734,No,1,441624.5054,1389963.29,100,3,130,0,56.83080673,4.883878231,-1.9,1.064710737
246,NNW122716,EWWF 5,Isolated Cypress,28.72,3.781767607,27.1,-999,28.7,-1.6,0,No,-1.996688843,,-999,1.624260115,1006.529696,0.001613723,No,1,442520.8914,1389954.651,100,3,130,0,56.82413101,5.103952408,-1.6,0.955511445
247,NW022716,EWWF Salls/10S/10D,Isolated Cypress,21.6,1.942937851,20.3,-999,21.7,-1.4,0,No,0.924414635,,-999,0.741636493,651.9697265,0.001137532,No,1,436128.128,1394199.462,1749.285522,3,112,0,56.83356476,2.497005701,-1.4,0.875468737
244,EC112716,EWWF 1,Isolated Cypress,24.03,1.221142769,23.4,-999,24,-0.6,0.064601123,No,-1.774354935,,-999,5.197251772,1803.518349,0.002881729,No,1,439926.0814,1388258.505,100,5,130,0,56.7417717,4.111544609,-0.6,0.470003629
243,C132716,,Isolated Cypress,24.11,1.063579559,23.02,169,24.1,-1.08,0.023748008,No,-4.055628777,,-999,1.85471573,1033.299022,0.001794946,No,1,442915.536,1383107.152,1236.931641,4,130,0,56.50120544,2.813022852,-1.08,0.732367894
248,NW052717,EWWF 11/Wet Prairie,Isolated Cypress,38.5,3.045938969,36.6,-999,38.5,-1.9,0,No,-1.058948517,,-999,6.05770109,2298.038949,0.002636031,No,1,452609.5831,1394452.09,565.6854248,12,98,0,56.32764053,3.021406651,-1.9,1.064710737
385,CW212718,S21 WF NW-53 East,Isolated Cypress,53.3,1.446618915,52.1,-999,53.3,-1.2,0.035562035,No,-3.914054871,,-999,9.961357452,3081.071402,0.003233082,No,1,490388.5923,1377132.871,447.2135925,13,131,0,57.58784103,0.858522713,-1.2,0.78845736
395,WC212718,,Other,54.42,1.407019854,52.16,167,54.4,-2.24,0.158010718,No,-3.914054871,,-999,2.770858499,1592.797358,0.001739618,No,1,489940.5013,1376764.072,223.6067963,13,131,0,57.5222435,0.840261281,-2.24,1.17557333
451,S-080,,Other,44.09,0.781396389,41.89,169,44.1,-2.21,0.384020268,Yes,-5.611534119,,-999,0.745846145,686.8625398,0.001085874,No,1,468470.2772,1419220.627,1044.03064,3,74,0,55.17714691,0.67632103,-2.21,1.166270937
460,S-096,,Isolated Cypress,43.8,1.176962256,43.31,68,43.8,-0.49,0,No,-6.118854523,,-999,2.348838726,1218.950152,0.001926936,No,1,459877.9109,1420034.754,509.901947,7,42,0,54.96537018,0.717616081,-0.49,0.39877612
501,,STWF K,Isolated Cypress,41.6,0.964688659,40.3,-999,41.6,-1.3,0.148491931,No,-6.324203491,,-999,2.154266181,1373.79182,0.001568117,No,1,462934.3096,1420918.069,860.2325439,5,74,0,55.02329636,0.820875466,-1.3,0.832909123
417,S-013,,Isolated Marsh,33.3,0.845927835,27.055,66,33.3,-6.245,0.851640273,Yes,-3.446784973,,-999,1.362123908,915.7194797,0.00148749,No,1,450568.608,1422180.381,1204.159424,5,130,0,55.15462875,0.505221963,-6.245,1.980311576
446,S-072,,Isolated Marsh,47.91,0.251252264,46.44,67,47.9,-1.46,0.291996073,Yes,-6.879955292,,-999,0.304044972,493.3270978,0.000616315,No,1,475364.6964,1422711.665,500,4,112,0,55.34451675,0.394972324,-1.46,0.90016135
505,,STWF W,Isolated Cypress,34.6,1.17300117,32.4,-999,34.6,-2.2,0.229834809,No,-6.175523758,,-999,34.83550382,8222.930111,0.004236386,No,1,458571.359,1422126.392,412.3105774,3,131,0,54.97870255,0.769216359,-2.2,1.16315081
503,,STWF T,Isolated Cypress,42.4,0.479234606,41.7,-999,42.4,-0.7,0,No,-6.358242035,,-999,20.71842046,6146.766718,0.003370621,No,1,468550.4676,1421996.232,316.2277527,1,131,0,55.18815994,0.786956847,-0.7,0.530628251
426,S-036A,,Isolated Cypress,35.4,1.383928776,30.459,66,35.4,-4.941,0.283166341,Yes,-6.704496384,,-999,25.65288914,5337.903015,0.004805799,No,1,460129.4501,1423428.192,412.3105774,1,131,0,55.00203323,0.825704932,-4.941,1.781877469
438,S-062,,Other,43.48,0.307752758,41.62,168,43.4,-1.78,0.284459607,Yes,-6.578292847,,-999,0.54916715,739.2879478,0.000742833,No,1,468269.5626,1424495.106,100,1,116,0,55.22994614,0.804568172,-1.78,1.022450928
498,,STWF C,Isolated Cypress,38.2,1.122969866,36.4,-999,38.2,-1.8,0,No,-6.601388931,,-999,4.172970697,2136.085773,0.00195356,No,1,462010.9302,1426954.621,500,1,131,0,55.12499237,0.764586627,-1.8,1.029619417
173,C23,,Isolated Cypress,68.19,1.14395225,68.07,75,69.3,-1.23,0,No,-12.98958588,,-999,3.304372319,1389.565367,0.00237799,No,1,533427.309,1430534.775,2061.552734,5,80,0,54.74372482,0.429584026,-1.23,0.802001585
166,C14,,Other,81.02,0.708524644,79.6,175,81.1,-1.5,0,No,-6.84437561,,-999,0.342485986,441.6087072,0.000775542,No,1,547530.5212,1441486.62,3006.65918,1,131,0,54.63597107,0.112780586,-1.5,0.916290732
363,NP-37,,Other,54.87,0.035964828,53.305,62,54.9,-1.595,0.577619316,Yes,-2.588977814,,-999,18.98956664,5709.902279,0.003325725,No,1,478496.7895,1442434.228,2668.332764,4,112,0,56.05140686,0.091022044,-1.595,0.953586517
341,NP-06,,Isolated Cypress,48.7,0.036323056,45.605,68,48.7,-3.095,0.529498879,Yes,-2.806549072,,-999,16.18985944,4186.839473,0.003866845,No,1,472853.4889,1443300.792,948.6832886,3,131,0,56.08258438,0.180094883,-3.095,1.409766717
347,NP-13/CYB C17,,Other,48.3,0.012949206,47.45,66,48.2,-0.75,0.330156582,Yes,-1.270717621,,-999,6.853915944,2417.611106,0.002834995,No,1,475925.5654,1452327.194,3000,3,131,0,56.23575211,0.039677475,-0.75,0.559615788
36,CBR T03,CBARWF T-3,Connected Wetland,70.6,0.512595296,67.18,166,68.2,-1.02,0.585848407,Yes,4.733703613,,-999,6.004327819,2757.767696,0.002177242,No,0,496842.7615,1459348.603,2617.250488,7,112,0,54.65188599,0.152723387,-1.02,0.703097511
7,CBR Q07,,Other,66.65,2.760547638,52.87,164,65.8,-12.93,0.839103324,Yes,1.969921112,,-999,22.37882187,5389.782074,0.004152083,No,1,501308.4288,1471025.282,316.2277527,8,131,0,54.47568893,0.824066162,-12.93,2.634044788
26,CBR Q29,,Other,65.24,1.242453694,61.62,69,65.2,-3.58,0.83036976,Yes,2.424728394,,-999,1.301414595,1665.63711,0.000781331,No,1,500284.3235,1472207.891,781.0249634,11,112,0,54.52038574,0.741674066,-3.58,1.521698998
11,CBR Q14,,Isolated Cypress,76.7,2.178019047,69.675,166,76.7,-7.025,0,No,-6.37953949,,-999,5.460166395,1920.811692,0.002842635,No,1,521895.4831,1456626.797,4401.13623,9,131,31,54.58578491,0.001529526,-7.025,2.082561669
242,,Pheasant Run (Quail Hollow) Cyp*,Isolated Cypress,70.5,1.167896271,69.7,-999,70.5,-0.8,0,No,-11.64579391,,-999,23.91736358,4755.728687,0.005029169,No,1,534879.4479,1431713.653,2080.865234,5,59,0,54.76347733,0.517783582,-0.8,0.587786665
209,W31,,Isolated Marsh,61.86,1.94687283,60.99,179,62.4,-1.41,0,No,-16.06906128,,-999,3.816696343,1883.636265,0.002026239,No,1,528460.7214,1433196.938,721.1102295,0,10,0,54.79790115,0.628706038,-1.41,0.879626748
188,CYC-W02A,,Isolated Cypress,76.77,6.758197308,65.02,77,77,-11.98,0,No,-11.50210571,,-999,0.380384116,508.5993224,0.000747905,No,1,536492.9498,1446895.365,640.312439,5,74,44,54.9495163,0.803342164,-11.98,2.563409711
193,W09,,Isolated Marsh,69.74,3.945887089,68.05,178,69.7,-1.65,0,No,-14.95616913,,-999,6.96352439,2914.579873,0.002389203,No,1,533337.5917,1442806.207,223.6067963,-1,10,0,54.99806976,1.184951663,-1.65,0.97455964
228,W52,,Connected Wetland,73.87,2.46194315,71.035,180,-999,-2.835,0.11910278,No,-12.80890274,,-999,2.791513025,1646.198002,0.001695733,No,0,534968.1585,1446509.477,300,5,10,43,54.96123886,0.894391,-2.835,1.344169435
206,W29,W-29 (Rattlesnake Marsh),Isolated Marsh,69.34,4.372433186,68.09,175,70,-1.91,0,No,-15.71512604,,-999,6.069423423,2173.681772,0.002792232,No,1,531472.5406,1441547.867,360.5551147,0,131,0,54.98770523,1.201378584,-1.91,1.068153081
210,W32,,Isolated Marsh,70.21,3.748168468,66.43,177,-999,-3.78,0,No,-16.67685318,,-999,1.743321531,1294.996262,0.001346198,No,1,530953.5097,1439553.208,447.2135925,1,131,0,54.96976089,1.183048725,-3.78,1.564440547
278,MBR 94,,Isolated Cypress,30.2,0.402840465,28.43,167,30.36,-1.93,0,No,-3.975811005,,-999,13.87000175,3180.084031,0.004361521,No,1,553936.5263,1365670.007,2280.35083,-2,131,0,50.52880096,0.449396014,-1.93,1.075002423
277,MBR 93,,Isolated Cypress,34.4,0.645487487,32.7,167,34.51,-1.81,0,No,-5.233060837,,-999,8.822301784,2512.599009,0.003511226,No,1,553902.1541,1367173.817,1878.829468,1,131,0,50.41409302,0.625644982,-1.81,1.033184483
281,MBR 98,,Isolated Marsh,42.4,0.348767668,39,168,42.8,-3.8,0,No,-8.00819397,,-999,0.894615536,750.8893244,0.001191408,No,1,540050.8976,1376225.226,943.3981323,6,112,0,51.1228714,0.799466789,-3.8,1.568615918
280,MBR 97,,Isolated Cypress,41.8,0.348767668,36.25,168,41.2,-4.95,0,No,-8.00819397,,-999,7.729302415,4073.650554,0.00189739,No,1,540765.5415,1376447.086,781.0249634,6,131,0,51.05200195,0.875748634,-4.95,1.78339122
312,,Cypress Creek ELAPP Cypress,Isolated Cypress,42,0.494999588,40.2,-999,42,-1.8,0,No,-8.385940552,,-999,7.244675707,2515.682386,0.002879805,No,1,530822.5686,1382446.174,3832.753662,-2,131,0,53.08914185,0.035939064,-1.8,1.029619417
158,,New River Cypress,Isolated Cypress,47.9,0.001191564,46.9,-999,47.9,-1,0,No,-9999,,-999,6.091508693,2288.736358,0.002661516,No,1,571953.0891,1387752.839,5360.037109,-1,131,0,51.95903778,0,-1,0.693147181
122,CYB 2,,Isolated Cypress,67.5,1.746209383,63.61,166,66.3,-2.69,0.077810023,No,-1.503387451,,-999,10.04794371,3317.599628,0.003028679,No,1,537401.0256,1415198.35,500,9,131,0,54.02749634,0.289545923,-2.69,1.305626458
142,CYB 25,CBRWF #25,Isolated Cypress,72.2,0.439105153,71.46,105,72.2,-0.74,0,No,0.542510986,,-999,39.25820917,7185.200958,0.005463759,No,1,540582.7714,1418322.661,848.5281372,7,131,0,54.07933044,0.192868635,-0.74,0.553885113
125,CYB 5,,Isolated Cypress,72.1,0.429637253,71.4,-999,72.1,-0.7,0.001983964,No,-1.350284576,,-999,59.43013184,9213.001439,0.006450681,No,1,538640.0977,1418280.911,600,9,112,0,54.12374115,0.221944928,-0.7,0.530628251
130,CYB 13,,Isolated Marsh,58.3,1.900341392,57.555,164,58.3,-0.745,0,No,-5.770282745,,-999,2.001928985,1148.689257,0.001742794,No,1,537359.5963,1405786.089,1029.562988,0,59,0,53.88019943,0.372812688,-0.745,0.556754556
129,CYB 12,,Isolated Marsh,58.6,1.82312274,56.32,154,58.6,-2.28,0,No,-4.886749268,,-999,1.113122227,842.3491912,0.00132145,No,1,538248.1493,1405793.537,905.5385132,3,59,0,53.87880707,0.379607975,-2.28,1.187843422
127,CYB 9,,Other,53.5,0.921813607,52.975,166,53.5,-0.525,0,No,-6.359485626,,-999,83.70307137,9346.589384,0.008955467,No,1,535598.1864,1406507.953,500,-4,10,0,53.89213562,0.328541666,-0.525,0.42199441
147,CYB 30,,Isolated Cypress,63.1,1.048173904,61.695,166,63.1,-1.405,0,No,-0.656612396,,-999,2.699114313,1283.037608,0.002103691,No,1,541699.6407,1408808.356,824.6211548,5,59,0,53.84945297,0.294823647,-1.405,0.877549904
133,CYB 16,CBRWF #16,Isolated Cypress,59.7,0.711586475,59.16,166,59.7,-0.54,0,No,-5.258609772,,-999,3.151039751,1585.351368,0.001987597,No,1,536383.1147,1408679.263,721.1102295,3,32,0,53.90073395,0.318348944,-0.54,0.431782416
126,CYB 6,,Isolated Marsh,61.2,1.444546938,58.62,167,61.2,-2.58,0,No,-2.8515625,,-999,2.84942436,1327.999886,0.002145651,No,1,541987.1781,1405879.816,223.6067963,3,59,0,53.86398697,0.372752309,-2.58,1.2753628
134,CYB 17,,Isolated Marsh,58.5,1.549167871,56.86,167,58.5,-1.64,0,No,-4.337051392,,-999,6.632965149,2482.153339,0.002672262,No,1,540074.001,1404773.307,565.6854248,5,114,0,53.8904953,0.427853614,-1.64,0.970778917
121,CYB 1,,Isolated Cypress,66.3,2.075214624,61.81,167,66.3,-4.49,0.010412366,No,-1.909919739,,-999,1.694172655,1166.686469,0.001452123,No,1,537529.6666,1413681.935,854.4003906,5,59,0,53.98207855,0.302800775,-4.49,1.702928256
124,CYB 4,CBRWF #4,Isolated Cypress,71,0.907622874,70.02,165,71,-0.98,0,No,-0.57963562,,-999,1.294192658,903.2420856,0.00143283,No,1,538507.6341,1416153.906,100,9,112,0,54.03910446,0.267907977,-0.98,0.683096845
259,MBR 11,,Isolated Marsh,41.5,3.823922396,40.04,168,41.7,-1.66,0,No,-4.540260315,,-999,2.81102156,1315.426384,0.002136966,No,1,551927.9073,1378309.591,141.4213562,5,131,0,50.18741608,1.575536251,-1.66,0.978326123
150,CYB 33,,Isolated Cypress,46.4,0.5351969,44.3,167,46.4,-2.1,0,No,-9.185207367,,-999,24.05855938,4652.504465,0.005171099,No,1,534116.0567,1394080.501,538.5164795,-3,131,0,53.72597122,0.310594857,-2.1,1.131402111
141,CYB 24,,Other,68.2,2.057201624,64.635,68,68.2,-3.565,0.12955696,No,-0.855007172,,-999,2.582916067,1709.571514,0.001510856,No,1,538819.3668,1414639.876,509.901947,5,74,0,53.97808456,0.282564044,-3.565,1.518418514
123,CYB 3,,Other,68.9,2.057201624,67.08,166,68.9,-1.82,0.152231531,No,-0.855007172,,-999,2.048314701,1188.353653,0.001723658,No,1,538757.9671,1415397.213,316.2277527,8,59,0,54.00079346,0.274152398,-1.82,1.036736885
132,CYB 15,,Other,57.8,0.266909719,54.94,166,57.8,-2.86,0,No,-5.690719604,,-999,0.964369049,761.2657211,0.001266797,No,1,535238.2413,1408155.289,360.5551147,1,80,0,53.91613388,0.304931909,-2.86,1.350667183
153,CYB A,CBRWF A,Isolated Cypress,58.7,0.266909719,56.16,165,58.7,-2.54,0,No,-5.690719604,,-999,1.625560312,1013.050023,0.00160462,No,1,535550.2326,1408083.428,447.2135925,2,10,0,53.90805054,0.309746534,-2.54,1.264126727
264,MBR 35,MBWF Entry Dome,Isolated Cypress,35.7,2.573134661,32.5,-999,35.5,-3,0,No,-4.811357498,,-999,18.59736942,4291.295117,0.004333743,No,1,557115.9426,1375114.558,223.6067963,2,131,0,50.53936386,1.159924507,-3,1.386294361
266,MBR 37,,Isolated Marsh,33,2.710370302,30.66,168,33.8,-3.14,0,No,-4.924945831,,-999,2.23479847,1262.499703,0.001770138,No,1,555395.8177,1374402.571,360.5551147,2,131,0,50.29305649,1.307069659,-3.14,1.420695788
263,MBR 30,,Isolated Cypress,33.51,2.303950071,29.62,169,34.4,-4.78,0,No,-3.812149048,,-999,5.315017219,2190.570195,0.002426317,No,1,547212.053,1371800.527,500,3,114,0,50.01751328,1.350315094,-4.78,1.754403683
261,MBR 16,"MBWF ""Unnamed""",Isolated Cypress,34,1.383896232,31.1,-999,34,-2.9,0,No,-4.032978058,,-999,8.090044085,2208.054211,0.003663879,No,1,545733.1248,1371283.3,860.2325439,4,131,0,50.16593933,1.169688106,-2.9,1.360976553
276,MBR 91,,Isolated Cypress,34.4,2.217558861,31.23,167,34.7,-3.47,0,No,-4.628076553,,-999,1.645136946,1133.194714,0.001451769,No,1,544032.9431,1372757.363,200,6,60,0,50.38012695,1.164715409,-3.47,1.497388409
293,,MBWF West Cypress,Isolated Cypress,38.2,0.829264641,36.7,-999,38.2,-1.5,0,No,-5.80430603,,-999,8.60030888,2806.694336,0.003064213,No,1,543718.2007,1375029.995,360.5551147,7,131,0,50.41921616,1.227817178,-1.5,0.916290732
295,,MBWF X-1,Isolated Cypress,39.3,0.829264641,35.8,-999,39.3,-3.5,0,No,-7.549488068,,-999,6.731586672,2332.544789,0.002885941,No,1,542556.7484,1376350.59,509.901947,6,131,0,50.71533203,1.114429712,-3.5,1.504077397
273,MBR 88,MBWF Clay Gully Cypress,Isolated Cypress,41.6,2.302596331,37.2,-999,41.6,-4.4,0,No,-7.157938004,,-999,3.582396262,1665.307936,0.002151191,No,1,544753.4483,1377624.187,509.901947,8,131,0,50.48272324,1.303918123,-4.4,1.686398954
274,MBR 89,MBWF X-4,Isolated Cypress,42.44,4.246841431,41,-999,42.4,-1.4,0,No,-5.493919373,,-999,9.375731574,3238.051505,0.002895486,No,1,547298.95,1378066.694,282.8427124,8,131,0,50.2172966,1.515489221,-1.4,0.875468737
258,MBR 10,,Isolated Marsh,42.2,4.549155235,35.855,168,41.9,-6.045,0,No,-4.493995667,,-999,4.792935638,1875.405142,0.00255568,No,1,548293.8911,1377966.313,141.4213562,6,131,0,50.13002777,1.568347096,-6.045,1.952318145
297,,MBWF X-6,Isolated Cypress,40,1.872916341,38.8,-999,40,-1.2,0,No,-5.470279694,,-999,8.81834441,3190.580459,0.002763868,No,1,545319.434,1375721.604,316.2277527,7,131,0,50.24359131,1.412832975,-1.2,0.78845736
260,MBR 14,MBWF X-2,Isolated Cypress,35.8,3.779685259,33.5,-999,35.1,-1.6,0,No,-3.857376099,,-999,7.610350966,2522.483883,0.003017007,No,1,549376.3535,1374732.317,670.8203735,3,131,0,49.89060211,1.640142441,-1.6,0.955511445
269,MBR 79,MBWF Sawgrass Marsh,Connected Wetland,31.1,0.948652387,29.535,166,31.1,-1.565,0,No,-3.415513992,,-999,85.01435778,12564.04019,0.006766482,No,0,544192.7062,1369509.253,640.312439,1,23,0,50.40184021,0.85872221,-1.565,0.941958479
275,MBR 90,,Isolated Cypress,35.8,1.406119466,34.26,167,36.4,-2.14,0,No,-6.966415405,,-999,9.806406934,2629.241797,0.003729747,No,1,561351.2162,1377103.186,1100,-3,131,0,51.02561569,0.66585362,-2.14,1.1442228
151,CYB 34,,Isolated Marsh,57.2,6.436157227,56.365,160,57.2,-0.835,0.024458706,No,-6.282001495,,-999,4.057927545,2257.05199,0.001797888,No,1,543875.4586,1394881.948,200,7,131,0,53.96954727,0.507028759,-0.835,0.607044482
149,CYB 32,CBRWF #32,Isolated Cypress,50.5,2.533934593,49.5,167,50.5,-1,0,No,-9.512088776,,-999,4.538560266,1996.837805,0.002272874,No,1,537804.5142,1394074.512,360.5551147,2,131,0,53.83302307,0.440065742,-1,0.693147181
138,CYB 21,,Isolated Cypress,56,5.423857689,53.88,165,56,-2.12,0,No,-7.15769577,,-999,1.174247504,884.5577025,0.001327497,No,1,541856.1478,1397013.583,223.6067963,4,89,0,54.01894379,0.559419155,-2.12,1.137833002
378,NW072818,,Isolated Cypress,36.17,1.91260469,35.13,168,36.2,-1.07,0.061562761,No,-5.424289703,,-999,1.065390824,795.8331822,0.001338711,No,1,479275.7684,1356290.466,848.5281372,6,131,0,54.13484955,0.455786705,-1.07,0.727548607
387,EC222718,,Other,54.98,1.294686198,53.195,168,55,-1.805,0.212787857,No,-0.842247009,,-999,32.19470032,10120.60482,0.003181104,No,1,499267.2556,1375555.195,1513.274536,13,112,0,57.43781662,0.479591578,-1.805,1.031403539
10,CBR Q12,,Other,74.13,0.22815527,72.575,114,75.3,-2.725,0.324147531,Yes,0.887840271,,-999,240.8917193,35334.47565,0.00681747,No,1,499534.8723,1454309.773,3478.505371,5,131,0,54.5892868,0.067746252,-2.725,1.315066852
39,CBR T10,,Isolated Marsh,76.13,1.620504379,68.82,165,76.9,-8.08,0.153616394,No,-6.753494263,,-999,204.2715553,21407.50821,0.009542052,No,1,519826.4862,1454896.656,4081.66626,8,131,29,54.57178497,0.007979342,-8.08,2.206074193
112,NW332717,,Other,28.85,0.415120751,27.17,169,28.9,-1.73,0.484383092,Yes,-2.773656845,,-999,120.0972274,18713.663,0.006417623,No,1,457931.7596,1366977.97,1931.320801,6,131,0,55.42845917,0.59836638,-1.73,1.004301609
391,NW112718,,Isolated Cypress,64.01,0.77262193,61.015,66,-999,-2.995,0.2208681,No,4.570072174,,-999,17.11435654,5286.977316,0.003237078,No,1,499373.0278,1388680.432,3301.514893,14,131,0,56.4129715,0.154410362,-2.995,1.385043579
382,WC102817,,Isolated Cypress,23.7,0.963907897,21.795,166,23.7,-1.905,0,No,-1.559373856,,-999,1.69758034,1078.198059,0.001574461,No,1,467089.8955,1354845.522,316.2277527,2,131,0,54.70598221,0.248669818,-1.905,1.06643339
381,SW082818,,Isolated Cypress,36.66,0.997247636,35.58,169,36.7,-1.12,0,No,-1.019590378,,-999,27.86434339,4612.281928,0.006041336,No,1,483951.7675,1353278.048,538.5164795,11,131,19,54.12434387,0.345756292,-1.12,0.751416089
354,NP-25,,Isolated Cypress,44.1,0.270640403,41.375,64,44.1,-2.725,0.56625167,Yes,-5.301780701,,-999,25.58694911,6406.582155,0.003993853,No,1,468451.4321,1434594.905,1315.294678,1,131,0,55.56218719,0.303512901,-2.725,1.315066852
197,W14,CCS-2,Connected Wetland,62.3,4.376052856,54.3,72,62.3,-8,0,No,-15.68678284,,-999,46.43132958,8334.831121,0.005570758,No,0,527181.5867,1441340.494,921.9544678,-9,10,0,54.90008163,0.924433112,-8,2.197224577
398,PC282618,SPWF - 1,Other,59.1,0.698295295,57.89,171,59.1,-1.21,0,No,2.249671936,,-999,7.880038813,3258.925952,0.002417986,No,1,491103.4444,1402171.434,300,9,130,0,55.59535599,0.798599899,-1.21,0.792992516
399,PT322618,SPWF - 3,Other,59.3,0.625580609,58.27,167,-999,-1.03,0,No,1.206760406,,-999,1.907661242,2134.280585,0.000893819,No,1,488247.0961,1399447.732,500,10,131,0,55.74513245,0.797344208,-1.03,0.708035793
400,PTC332618,,Other,58.77,0.563487828,57.94,168,58.8,-0.86,0,No,1.885406494,,-999,9.535278495,4366.479383,0.002183745,No,1,491084.0536,1398317.561,141.4213562,10,130,0,55.79045486,0.80640316,-0.86,0.620576488
432,S-051,STWF AA,Other,40.29,1.052622318,39.86,63,-999,-0.43,0.263985511,No,-6.674915314,,-999,20.45413724,5997.835365,0.003410253,No,1,464346.3151,1424538.194,223.6067963,1,131,0,55.11351776,0.859515011,-0.43,0.357674444
436,S-055,,Other,41.55,0.286441892,40.935,164,41.6,-0.665,0.013500535,No,-6.222640991,,-999,1.223597309,1370.1327,0.00089305,No,1,467023.5598,1427122.271,806.225769,2,131,0,55.24326324,0.760466695,-0.665,0.509825123
355,NP-26,,Connected Wetland,43.01,0.159074798,42.305,66,-999,-0.705,0.004853725,No,-6.467029572,,-999,5.064990458,2657.813492,0.001905698,No,0,471024.2392,1432501.281,1992.48584,0,10,0,55.53223419,0.348807722,-0.705,0.533565111
466,S-111,,Connected Wetland,36,0.275036007,34.315,66,36,-1.685,0,No,-4.614383698,,-999,1.688389223,1722.87787,0.000979982,No,0,463438.4768,1416195.459,1655.294556,-2,10,0,55.05739594,0.530840635,-1.685,0.987680728
490,T-10,,Connected Wetland,42.84,0.112623706,43.06,140,42.8,0.26,0,No,-5.174800873,,-999,2.523289566,1522.078146,0.001657792,No,0,478587.5187,1419336.559,1910.497314,-3,10,0,55.35194016,0.180326208,0,0
221,W44,CCS-3 Snake Crossing,Connected Wetland,60.2,4.029741287,56.38,155,60.2,-3.82,0,No,-14.01672363,,-999,13.31438951,7579.289052,0.001756681,No,0,523566.8781,1435993.489,1140.175415,-6,10,0,54.78160095,0.475263387,-3.82,1.572773928
227,W51,,Connected Wetland,61.16,1.779262781,55.4,74,61.1,-5.7,0,No,-12.98564911,,-999,1.819621069,1187.024688,0.001532926,No,0,521866.6297,1435635.112,1612.451538,-6,130,0,54.75223923,0.338461727,-5.7,1.902107526
194,W10,,Other,68.39,7.183634281,66.36,175,-999,-2.03,0,No,-15.30509186,,-999,7.678510021,2693.132264,0.002851145,No,1,532494.619,1438227.546,800,2,10,0,54.96334457,1.164040565,-2.03,1.10856262
220,W43,East Tributary,Connected Wetland,70.42,8.400233269,65.265,178,70.42,-5.155,0,No,-12.79304123,,-999,2.037706534,1474.070536,0.001382367,No,0,534666.5924,1437952.028,1029.562988,3,10,0,54.96622849,1.106888175,-5.155,1.81726476
178,C40,,Connected Wetland,63.55,2.757890463,60.95,186,63.55,-2.6,0,No,-14.45698929,,-999,0.445709335,862.6623112,0.000516667,No,0,532435.1075,1432609.384,1345.362427,1,10,0,54.8294487,0.646400273,-2.6,1.280933845
179,C100,,Connected Wetland,52.74,0.272240609,51.515,178,52.74,-1.225,0.074421629,No,-3.675876617,,-999,1.988819051,3524.240238,0.000564326,No,0,523400.5902,1417679.92,2901.723633,-4,10,0,54.40567017,0.042152945,-1.225,0.799756916
177,C39,,Connected Wetland,51.25,1.233970046,49.745,172,51.25,-1.505,0,No,-5.599807739,,-999,0.839182643,1559.173959,0.000538223,No,0,530539.7707,1410953.88,1555.634888,-5,10,0,54.05503464,0.213555992,-1.505,0.918288735
360,NP-32,,Other,45.54,0.141487435,44.22,66,45.5,-1.28,5.25E-05,No,-6.446525574,,-999,13.13551521,5235.475789,0.002508944,No,1,473869.1591,1432694.35,2360.084717,-1,10,0,55.58217239,0.24473317,-1.28,0.824175443
442,S-067,STWF P,Isolated Marsh,40.79,0.203797236,38.35,167,40.8,-2.45,0.03319009,No,-5.274059296,,-999,0.75010333,986.2561591,0.000760556,No,1,470134.8548,1419665.02,894.4271851,-2,10,0,55.23225021,0.635551453,-2.45,1.238374231
497,,STWF BB,Isolated Cypress,41.7,0.117453054,40.2,-999,41.7,-1.5,0.098173643,No,-6.561065674,,-999,4.492002729,1996.742905,0.002249665,No,1,468621.5776,1425359.212,223.6067963,2,131,0,55.24520874,0.762843788,-1.5,0.916290732
410,S-004,,Connected Wetland,24.42,0.807722986,19.71,68,24.4,-4.69,0.362253265,Yes,-2.904127121,,-999,5.843131343,2110.207749,0.002768984,No,0,449159.5262,1426592.036,412.3105774,-8,10,0,55.23350143,0.490739405,-4.69,1.738710248
284,MBR 103,,Connected Wetland,41.4,0.510039806,35.58,169,41.4,-5.82,0,No,-8.950397491,,-999,0.451813241,880.8192231,0.000512947,No,0,539839.3344,1380877.024,1118.033936,2,60,0,51.84079742,0.568497539,-5.82,1.919859472
287,MBR 106,,Connected Wetland,29.1,2.400095701,25.74,153,29.1,-3.36,0,No,-4.311048508,,-999,11.04705923,3718.764984,0.002970626,No,0,553466.0658,1372722.875,565.6854248,-5,10,0,50.09568787,1.366537571,-3.36,1.472472057
265,MBR 36,,Connected Wetland,34.4,3.041433096,33.27,168,34.4,-1.13,0,No,-5.396945953,,-999,1.179940435,2124.226972,0.000555468,No,0,556728.7904,1376665.246,316.2277527,2,131,0,50.52844238,1.209834337,-1.13,0.75612198
162,C06,,Isolated Marsh,73.45,0.33804366,69.515,162,-999,-3.935,0.258474137,No,-9.108100891,,-999,7.284074413,2553.743809,0.002852312,No,1,518123.3819,1443526.374,3640.054932,4,131,0,54.69330597,0.070334934,-3.935,1.596352673
257,MBR 09,,Connected Wetland,35.9,3.504235029,34.28,169,35.9,-1.62,0,No,-4.654670715,,-999,1.687403023,1813.384808,0.000930527,No,0,547795.4345,1374190.039,447.2135925,5,131,0,49.92863464,1.566753626,-1.62,0.963174318
286,MBR 105,,Connected Wetland,31.6,1.3329916,28.9,168,31.6,-2.7,0,No,-3.932182312,,-999,0.264169833,555.4023649,0.000475637,No,0,543810.1801,1370889.68,316.2277527,3,23,0,50.44754028,0.968665659,-2.7,1.30833282
348,NP-15,,Other,48.33,0.009278502,44.59,66,48.3,-3.71,0.407084462,Yes,-0.645309448,,-999,57.22743073,9515.108807,0.006014375,No,1,473146.0587,1448738.083,1640.121948,4,131,0,56.21822357,0.11574398,-3.71,1.549687908
377,NW012817,,Connected Wetland,32.74,2.213986874,28.84,168,32.7,-3.86,0.494174184,Yes,-6.503765106,,-999,0.517270131,994.8828058,0.000519931,No,0,474148.3607,1361846.482,1389.244385,1,60,0,54.68047714,0.546151817,-3.86,1.581038438
384,322718,,Connected Wetland,43.94,0.395104229,40.905,168,43.9,-2.995,0,No,-5.516143799,,-999,3.677534231,2387.946901,0.00154004,No,0,487777.2668,1367288.168,2668.332764,9,60,0,56.44569016,0.221479848,-2.995,1.385043579
431,S-046,,Other,38.6,1.66114223,35.93,171,38.6,-2.67,0.557863682,Yes,-6.806751251,,-999,1.168586517,955.8311242,0.001222587,No,1,461653.9521,1422407.945,412.3105774,2,99,0,55.00983047,0.834268332,-2.67,1.300191662
489,T-09,,Other,46.9,0.246988505,46.4,170,46.8,-0.4,0,No,-5.017883301,,-999,5.62662956,2456.0428,0.002290933,No,1,478417.2596,1421997.86,1392.838867,2,131,0,55.36481857,0.233846024,-0.4,0.336472237
480,SC-69,,Other,41.26,1.932566762,40.02,68,41.1,-1.08,0,No,0.290512085,,-999,18.58357689,4808.069304,0.003865081,No,1,460020.2094,1404390.75,3679.673828,6,131,0,55.51331329,0.087489553,-1.08,0.732367894
500,,STWF GG,Isolated Cypress,48.7,0.308400333,47.8,-999,48.7,-0.9,0,No,-4.257778168,,-999,7.328847239,2548.221628,0.002876064,No,1,478218.5513,1414501.18,3046.309326,2,59,0,55.35852432,0.082423836,-0.9,0.641853886
16,CBR Q19/C25,,Isolated Cypress,76.16,0.28483808,74.36,175,77.3,-2.94,0.106194604,No,-3.400871277,,-999,21.46724379,4069.929876,0.005274598,No,1,514424.3006,1449229.745,4204.759277,8,130,0,54.55782318,0.00431915,-2.94,1.371180723
116,SE142717,,Connected Wetland,51.74,0.330468744,48.79,171,51.7,-2.91,0.260497675,No,-0.200164795,,-999,1.825528817,1845.003913,0.000989444,No,0,472541.8764,1380102.831,282.8427124,15,131,0,55.77132416,1.52762866,-2.91,1.363537374
279,MBR 96,,Other,35.4,0.360350043,34.57,169,35.81,-1.24,0,No,-5.193405151,,-999,0.630818648,619.1249556,0.001018887,No,1,529720.7574,1371952.151,4011.234131,4,112,0,52.87591553,0.014918009,-1.24,0.806475866
20,CBR Q23,,Other,64.65,0,55.985,72,64.65,-8.665,1,Yes,-6.868385315,,-999,0.946064925,1099.421149,0.000860512,No,1,518474.7926,1480990.736,1702.938599,14,130,32,54.5074234,0.416042358,-8.665,2.268511113
268,MBR 60,MBWF X-5,Connected Wetland,34.5,2.271500587,33.58,166,34.5,-0.92,0,No,-4.846626282,,-999,2.017376898,1072.510768,0.001880985,No,0,545273.4479,1373219.23,608.2762451,4,114,0,50.18839645,1.316692948,-0.92,0.652325186
204,W23,,Connected Wetland,60.37,1.634655714,57.11,174,60.5,-3.39,0,No,-16.05054474,,-999,31.22344368,6374.373689,0.004898276,No,0,525319.8833,1432903.349,848.5281372,-4,10,0,54.76317978,0.466378063,-3.39,1.479329227
140,CYB 23,,Isolated Cypress,47.1,6.00164175,45.87,166,47.1,-1.23,0,No,-7.873008728,,-999,1.161174456,858.433029,0.001352667,No,1,540509.6736,1395664.692,781.0249634,-2,10,0,53.9937439,0.533114552,-1.23,0.802001585
91,CNR-S9,,Isolated Cypress,101.6,0,101.73,79,-999,0.13,0,No,-9999,,-999,2.066066747,1124.808736,0.001836816,No,1,622081.423,1367000.224,19573.45117,1,112,80,47.2831192,0,0,0
85,CNR-S4,Cone Ranch #5 (CR-5),Isolated Cypress,107,0,104.97,-999,-999,-2.03,0,No,-9999,,-999,28.18825455,6273.008364,0.004493578,No,1,629459.0913,1368181.943,21811.23633,2,131,83,47.01160812,0,-2.03,1.10856262
55,CNR-C7,Cone Ranch #3 (CR-3),Isolated Cypress,97.2,0,96.47,-999,-999,-0.73,0,No,-9999,,-999,8.690761675,2290.761937,0.00379383,No,1,617248.9046,1373097.366,18013.60547,-1,131,69,47.02947998,0,-0.73,0.548121409
51,CNR-C4,CONE RANCH CYPRESS 2,Connected Wetland,92.3,0,87.49,42,-999,-4.81,0,No,-9999,,-999,37.70102445,8248.219022,0.004570808,No,0,617664.9965,1376651.396,18104.41992,-4,60,60,46.74514008,0,-4.81,1.759580571
74,CNR-ON2,CONE RANCH CYPRESS 6,Isolated Cypress,97.8,0,97.34,-999,-999,-0.45,0,No,-9999,,-999,9.641424463,2419.817448,0.00398436,No,1,624094.6486,1378488.98,20120.13867,-4,131,61,46.26619339,0,-0.45,0.371563556
361,NOP-NPEM-35,NOPSG-NP35,Isolated Marsh,45.94,0.003856658,37.29,63,-999,-8.65,1,Yes,-9999,,-999,17.37817891,3581.552646,0.004852136,No,1,473515.3343,1459855.607,4827.007324,7,131,0,55.96874619,0,-8.65,2.266957915
304,,GREEN SWAMP MARSH,Isolated Marsh,93.9,0,93.19,84,-999,-0.71,0,No,-9999,,-999,1.796955831,1032.088621,0.001741087,No,1,650553.7318,1461564.5,35035.125,0,34,0,50.66537094,0,-0.71,0.536493371
298,GREEN SWAMP 1,,Isolated Cypress,100.6,0,99.78,84,-999,-0.82,0,No,-9999,,-999,1.951529832,1100.544859,0.00177324,No,1,673416.735,1464344.563,41971.0625,-4,130,0,50.19512558,0,-0.82,0.598836501
300,,Green Swamp 3,Isolated Cypress,103.2,0,102.06,85,-999,-1.14,0,No,-9999,,-999,0.853664829,718.3634514,0.001188347,No,1,678867.0637,1469555.039,43910.93359,-4,130,0,50.03295517,0,-1.14,0.760805829
299,,Green Swamp 2,Isolated Cypress,100.6,0,99.42,85,-999,-1.18,0,No,-9999,,-999,0.845319249,721.1885952,0.00117212,No,1,672617.4138,1474969.069,42419.92578,-2,130,0,50.2473526,0,-1.18,0.779324877
301,,Green Swamp 4,Isolated Cypress,103.2,0,102.14,85,-999,-1.06,0,No,-9999,,-999,2.179201135,1182.720512,0.001842533,No,1,678494.9983,1475341.653,44193.21094,-3,130,0,50.02074432,0,-1.06,0.722705983
302,C-05,Green Swamp 5,Isolated Cypress,98.8,0,97.94,84,-999,-0.86,0,No,-9999,,-999,1.521131206,999.8788308,0.001521316,No,1,668727.6588,1482868.509,41907.63672,-1,80,0,50.41690445,0,-0.86,0.620576488
645,Fairy (Maureen) Lake,Fairy (Maureen) Lake,Lake,35.49,0.715316176,32.87,84,0,-2.62,0.608078045,Yes,-5.7128,Recovered,,54.50491527,7629.139303,0.007144307,No,-999,467273.2204,1365098.781,1600,11,200,0,55.08328247,1.254096866,-2.62,1.286474026
658,Halfmoon Lake,Halfmoon Lake,Lake,45.94,0.097563013,42.4,84,0,-3.54,0.19409861,No,-8.21268,Recovered,,44.28110983,8847.1478,0.005005128,No,-999,479501.6681,1368429.049,2961.418457,9,131,0,55.52859497,0.410443813,-3.54,1.512927012
626,Church Lake,Church Lake,Lake,37.97,0.594112933,35.21,84,0,-2.76,0.553892282,Yes,-3.49723,Recovered,,81.47487727,14381.38816,0.0056653,No,-999,462955.0008,1370748.085,538.5164795,4,200,0,55.42949677,1.611385584,-2.76,1.324418957
625,Charles Lake,Charles Lake,Lake,54.2,1.078262806,52.09,80,0,-2.11,0.331258337,Yes,1.04326,Never Impacted,,19.90400271,4123.062662,0.00482748,No,-999,501061.7979,1375213.142,2100,11,131,0,57.26442337,0.351139992,-2.11,1.134622726
711,Saddleback Lake,Saddleback Lake,Lake,55.93,1.594504237,53.365,84,0,-2.565,0.358716266,Yes,-1.5449,"Improved, Not Fully Recovered",,57.27232634,10366.70727,0.00552464,No,-999,496537.9356,1376848.381,707.1068115,17,131,0,57.65191269,0.703338921,-2.565,1.271164054
631,Crenshaw Lake,Crenshaw Lake,Lake,57.33,1.266335726,55.225,84,0,-2.105,0.276818091,Yes,-1.23096,Recovered,,34.72782443,5464.404854,0.00635528,No,-999,496191.282,1378912.581,670.8203735,13,131,0,57.54174423,0.730197549,-2.105,1.133013715
706,Reinheimer Lake,Reinheimer Lake,Lake,59.3,1.014573574,58.93,84,0,-0.37,0.206160763,No,0.987335,Recovered,,35.92930158,7471.2567,0.004809004,No,-999,499215.6339,1380318.139,1655.294556,13,131,0,57.22267914,0.484759778,-0.37,0.31481074
649,Garden (Thomas) Lake,Garden (Thomas) Lake,Lake,32.2,1.635047793,30.27,80,0,-1.93,0.48478103,Yes,-3.31739,Recovered,,12.69133991,2891.962164,0.004388488,No,-999,452853.6128,1381128.717,2617.250488,3,200,0,56.03770447,0.622360468,-1.93,1.075002423
633,Crystal Lake,Crystal Lake,Lake,62.7,0.732941091,59.37,84,0,-3.33,0.284976584,Yes,3.25618,Recovered,,50.85538275,9617.210945,0.005287955,No,-999,502812.4925,1381342.071,2785.677734,11,131,0,56.7108078,0.200364962,-3.33,1.465567542
1753,Jackson Lake,Jackson Lake,Lake,35.1,1.605559945,32.9,83,0,-2.2,0.337984883,Yes,-2.63876,Recovered,,13.84865013,3251.262927,0.004259468,No,-999,453230.5683,1383370.104,2282.54248,3,131,0,56.11004639,0.942358196,-2.2,1.16315081
720,Sunset Lake,Sunset Lake,Lake,34.8,1.54168129,32.66,83,0,-2.14,0.183083771,No,-2.81347,"Improved, Not Fully Recovered",,55.5198142,11721.04496,0.004736763,No,-999,454535.9913,1382637.663,2778.48877,7,131,0,56.02442169,0.494263053,-2.14,1.1442228
723,Taylor Lake,Taylor Lake,Lake,39.2,0.260722935,37.78,84,0,-1.42,0.126025484,No,0.448116,Recovered,,57.21978417,12246.62721,0.004672289,No,-999,458828.8588,1382811.199,3613.862305,9,131,0,55.85802078,0.230148688,-1.42,0.88376754
712,Sapphire Lake,Sapphire Lake,Lake,63.4,0.776039422,62.325,84,0,-1.075,0.016645808,No,3.97854,Recovered,,16.97649639,5875.513101,0.002889364,No,-999,500943.203,1384238.477,2729.46875,16,131,0,56.68289185,0.231330633,-1.075,0.729961154
618,Calm Lake,Calm Lake,Lake,51.35,0.393572301,49.0975,84,0,-2.2525,0.234660844,No,3.07306,Recovered,,118.3443162,10397.00128,0.011382543,No,-999,468715.5823,1384916.444,500,12,200,0,55.72437286,0.831197381,-2.2525,1.179423931
632,Crescent Lake,Crescent Lake,Lake,42.6,1.113345027,41.78,84,0,-0.82,0.430502369,Yes,4.8987,Recovered,,100.1584222,15267.06457,0.006560424,No,-999,465914.9036,1390407.34,1910.497314,9,131,0,55.72512054,0.217838168,-0.82,0.598836501
736,Virginia Lake,Virginia Lake,Lake,62.5,0.595055342,60.735,84,0,-1.765,0.235582575,No,4.5948,Recovered,,31.00578248,6333.965759,0.004895161,No,-999,498792.2819,1391545.849,2920.616455,13,131,0,56.15907288,0.170333356,-1.765,1.017040635
119,Horse Lake,Horse Lake,Lake,50.4,0.996738493,44.26532143,75,0,-6.134678571,0.458805101,Yes,-2.04038,Recovered,,28.56416627,4481.587137,0.006373672,No,-999,469539.576,1373436.989,424.2640686,10,200,0,55.47929382,2.16386652,-6.134678571,1.9649672
420,S-020,S-020,Lake,37.6,1.078913689,31.74,165,0,-5.86,1,Yes,-4.11371,Recovered,,2.562991866,1245.547559,0.002057723,No,-999,452227.216,1422285.662,1581.138794,9,131,0,55.10158539,0.579113245,-5.86,1.925707442
732,Unnamed Lake 22 (Loyce),Unnamed Lake 22 (Loyce),Lake,65.3,1.270129204,56.725,84,0,-8.575,0.767315608,Yes,3.43237,Recovered,,70.81973849,15061.68653,0.004701979,No,-999,496621.8093,1469330.39,1746.424927,4,112,0,54.65138626,0.412626773,-8.575,2.259155535
703,Pretty Lake,Pretty Lake,Lake,44.3,0.362736493,44.31,83,0,0.01,0.546503562,Yes,-3.47136,Never Impacted,,92.30641124,11881.38767,0.007768992,No,-999,473125.8979,1372330.031,1044.03064,9,200,0,55.50249481,1.739675045,0,0
702,Platt Lake,Platt Lake,Lake,49.9,0.951864123,48.89,84,0,-1.01,0.482878,Yes,1.76992,Never Impacted,,91.09221198,13816.50654,0.006592999,No,-999,502375.3516,1367296.919,3465.544678,14,200,0,56.66053009,0.045348976,-1.01,0.698134722
660,Hanna Lake,Hanna Lake,Lake,61.86,0.134630293,60.72870467,84,0,-1.131295328,0.807709091,Yes,2.72323,Never Impacted,,40.05333378,7444.755646,0.005380074,No,-999,512291.7782,1383111.143,5700.876953,18,200,0,55.29193115,0,-1.131295328,0.75672993
718,Stemper Lake,Stemper Lake,Lake,61.2,0.168180376,60.155,84,0,-1.045,0.719257102,Yes,3.60139,Recovered,,181.7554703,23654.05431,0.007683903,No,-999,509412.683,1381591.128,4729.693359,18,200,0,55.74115753,0,-1.045,0.715397789
693,Mound Lake,Mound Lake,Lake,51.1,0.411007017,49.71,83,0,-1.39,0.335546217,Yes,3.39363,Never Impacted,,75.95158494,7830.94148,0.009698909,No,-999,471858.05,1386726.029,538.5164795,10,131,0,55.75759888,0.637470305,-1.39,0.871293366
661,Harvey Lake,Harvey Lake,Lake,62.5,0.740449369,60.76,84,0,-1.74,0.485083322,Yes,5.52744,Recovered,,72.68085023,19592.2601,0.003709672,No,-999,500263.5776,1392701.607,2983.286865,13,105,0,55.9565506,0.141122878,-1.74,1.00795792
675,Kell Lake,Kell Lake,Lake,66,0.36051017,65.39478125,84,0,-0.60521875,0.691714268,Yes,5.77486,Never Impacted,,49.54276531,10593.07087,0.004676903,No,-999,509066.29,1393021.405,5314.132324,18,131,0,55.27573013,0,-0.60521875,0.47326004
699,Padgett Lake,Padgett Lake,Lake,70.4,0.288085461,69.08,84,0,-1.32,0.711589607,Yes,3.01754,Never Impacted,,216.8827674,28365.71645,0.007645947,No,-999,508537.7423,1406635.677,5119.570313,14,130,0,54.89806366,0,-1.32,0.841567186
472,Moon Lake (Pasco),Moon Lake (Pasco),Lake,40,0.186297446,39.34,37,0,-0.66,0.911396543,Yes,-1.23803,Recovered,,129.9067014,14232.26738,0.009127618,No,-999,459609.6082,1437033.23,2942.787842,8,200,0,55.42107773,0.106434911,-0.66,0.506817602
662,Helen Lake,Helen Lake,Lake,55.09,0.276961982,52.905,82,0,-2.185,0,No,-3.3484,Recovered,,14.6551699,3076.589713,0.004763446,No,-999,482498.5837,1377352.138,1170.469971,15,131,0,56.49546814,0.647191644,-2.185,1.158452289
665,Hobbs Lake,Hobbs Lake,Lake,67,0.631927669,62.995,84,0,-4.005,0.492192934,Yes,6.63244,Never Impacted,,92.67187704,13967.64823,0.006634752,No,-999,505390.996,1390694.812,4548.625977,19,200,0,55.72140503,0.00028475,-4.005,1.610437413
25,Crews Lake,Crews Lake,Lake,52.8,0.015396053,48.35,79,0,-4.45,0.576424344,Yes,-5.2508,More Detailed Analysis Needed,,528.9486059,44832.24356,0.011798397,No,-999,487819.2032,1470508.211,4400,9,131,0,55.12413025,0.001850317,-4.45,1.695615609
704,Rainbow Lake,Rainbow Lake,Lake,40.9,0.773442507,37.675,84,0,-3.225,0.387635398,Yes,-1.50031,Recovered,,47.88355604,7889.505674,0.006069272,No,-999,463937.6126,1375669.185,1044.03064,7,200,0,55.57089233,1.772126675,-3.225,1.441019261
684,Little Moon Lake,Little Moon Lake,Lake,40.9,0.750994086,37.52,84,0,-3.38,0.712665248,Yes,-2.39966,Recovered,,12.71871696,2851.144194,0.004460917,No,-999,462656.1007,1374607.683,989.9495239,8,200,0,55.56814194,1.613385677,-3.38,1.477048724
639,Echo Lake,Echo Lake,Lake,37.97,0.522768915,35.21,81,0,-2.76,0.717981805,Yes,-3.48525,Recovered,,28.75010239,5368.847439,0.005354986,No,-999,461572.3958,1372279.988,1104.536133,4,200,0,55.50801086,1.447773457,-2.76,1.324418957
602,Allen Lake,Allen Lake,Lake,62.5,0.697589576,60.74,82,0,-1.76,0.075541539,No,4.0121,Recovered,,28.97152063,5139.10231,0.005637467,No,-999,498591.9039,1390176.749,3244.996094,13,131,0,56.3025856,0.168241993,-1.76,1.01523068
689,Merrywater Lake,Merrywater Lake,Lake,58.5,1.121648312,57.03,84,0,-1.47,0.153774439,No,0.780479,Recovered,,38.37430724,6649.229385,0.005771241,No,-999,499072.1025,1377825.046,1503.32959,13,131,0,57.44023514,0.537191153,-1.47,0.904218151
28,Alligator Pond,Alligator Pond,Lake,73.9,0.000163493,72.96,58,0,-0.94,0.926344828,Yes,-9999,,,4.864203776,1773.815438,0.002742227,No,-999,532094.4163,1489177.474,5920.304199,21,57,20,54.48305893,0,-0.94,0.662687973
414,Bonnet Lake,Bonnet Lake,Lake,31.7,0.689356,-999,-999,0,-3.49,0.812554,Yes,-3.36524,"Improved, Not Fully Recovered",,4.913370479,1821.764691,0.002697039,No,-999,448797.0159,1422009.52,1044.03064,3,131,0,55.24569702,0.435779244,-3.49,1.501852702
419,Mud Lake (Starkey),Mud Lake (Starkey),Lake,38.09,0.924637,-999,-999,0,-4.86,1,Yes,-4.02505,Recovered,,32.89657644,6085.63136,0.005405614,No,-999,452616.6219,1420921.193,1910.497314,9,131,0,55.0670433,0.545177937,-4.86,1.768149604
